Responden,Q1,Q2,Q3,Q4,Q5,Q6,Q7,Q8,Q9,Q10,Skor_SUS,Catatan
R1,5,2,5,2,5,2,5,2,4,5,77.50,item genap reverse scoring (5 - skor) sebelum dihitung
R2,5,2,5,2,1,5,4,1,5,5,62.50,
R3,5,2,4,2,4,1,4,1,5,5,77.50,
R4,5,2,4,1,5,2,4,1,5,4,82.50,
R5,5,2,5,1,4,3,5,2,5,5,77.50,
R6,5,2,5,1,5,1,5,1,4,5,85.00,
R7,4,2,4,5,4,5,5,2,5,4,60.00,
R8,4,5,5,2,4,1,2,4,5,4,60.00,
R9,4,1,5,2,4,1,4,2,5,4,80.00,
R10,4,2,5,2,4,2,4,1,5,5,75.00,
R11,4,2,4,1,5,1,5,1,5,5,82.50,
R12,5,1,5,2,4,2,3,3,3,5,67.50,
,,,,,,,,,,,,
Rata-rata,,,,,,,,,,,73.96,
